model,num_detections,mean_confidence,std_confidence,mean_inference_ms,min_inference_ms,max_inference_ms,num_images
RT-DETR-L,3070,0.5904416435025026,0.24136043530142662,19.148458240110827,18.560996279120445,20.419316366314888,360
YOLOv8n,1886,0.6372099029708136,0.21083045446444754,6.662680228237825,6.401093676686287,7.49526172876358,360
